Workbook

Sheet Dashboard
B2: Ticket Analytics Dashboard
B3: IT support tickets: what happens most, how long it takes to fix, and when requests peak
B4: SAMPLE DATA: the 120 tickets in this file (3 Aug to 27 Sep 2026) are made up for demonstration. They are not real company tickets.
B6: TOTAL TICKETS | J6: TOP CATEGORY | R6: AVERAGE RESOLUTION | Z6: BUSIEST WEEKDAY
B7: =Summary!I12 -> 120 | J7: =Summary!I13 -> Network | R7: =Summary!I15 -> 5.025 | Z7: =Summary!I16 -> Mon
B8: tickets in the Tickets sheet | J8: =TEXT(Summary!I14,"0%")&" of all tickets" -> 32% of all tickets | R8: hours from created to closed | Z8: =Summary!I17&" tickets opened" -> 29 tickets opened
B27: To update: replace the data in the Tickets sheet (columns A to I). Every number and chart refreshes by itself. See the Notes sheet.

Sheet Summary
A1: Summary tables (calculated from the Tickets sheet)
A2: All cells here are formulas. Do not type over them. | H2: Ranked (chart data)
A3: Category ID | B3: Category | C3: Tickets | D3: Avg hours | E3: Sort key: tickets | F3: Sort key: hours | H3: Category | I3: Tickets | K3: Category | L3: Avg hours
A4: =Categories!A2 -> 1 | B4: =Categories!B2 -> Network | C4: =COUNTIF(Tickets!$E$2:$E$1000,A4) -> 38 | D4: =IFERROR(AVERAGEIFS(Tickets!$K$2:$K$1000,Tickets!$E$2:$E$1000,A4),0) -> 5.2105263 | E4: =C4+ROW()/1000000 -> 38.000004 | F4: =D4+ROW()/1000000 -> 5.2105303 | H4: =INDEX($B$4:$B$8,MATCH(LARGE($E$4:$E$8,1),$E$4:$E$8,0)) -> Network | I4: =INDEX($C$4:$C$8,MATCH(LARGE($E$4:$E$8,1),$E$4:$E$8,0)) -> 38 | K4: =INDEX($B$4:$B$8,MATCH(LARGE($F$4:$F$8,1),$F$4:$F$8,0)) -> Hardware | L4: =INDEX($D$4:$D$8,MATCH(LARGE($F$4:$F$8,1),$F$4:$F$8,0)) -> 8.5925926
A5: =Categories!A3 -> 2 | B5: =Categories!B3 -> Hardware | C5: =COUNTIF(Tickets!$E$2:$E$1000,A5) -> 27 | D5: =IFERROR(AVERAGEIFS(Tickets!$K$2:$K$1000,Tickets!$E$2:$E$1000,A5),0) -> 8.5925926 | E5: =C5+ROW()/1000000 -> 27.000005 | F5: =D5+ROW()/1000000 -> 8.5925976 | H5: =INDEX($B$4:$B$8,MATCH(LARGE($E$4:$E$8,2),$E$4:$E$8,0)) -> Hardware | I5: =INDEX($C$4:$C$8,MATCH(LARGE($E$4:$E$8,2),$E$4:$E$8,0)) -> 27 | K5: =INDEX($B$4:$B$8,MATCH(LARGE($F$4:$F$8,2),$F$4:$F$8,0)) -> Network | L5: =INDEX($D$4:$D$8,MATCH(LARGE($F$4:$F$8,2),$F$4:$F$8,0)) -> 5.2105263
A6: =Categories!A4 -> 3 | B6: =Categories!B4 -> Software | C6: =COUNTIF(Tickets!$E$2:$E$1000,A6) -> 24 | D6: =IFERROR(AVERAGEIFS(Tickets!$K$2:$K$1000,Tickets!$E$2:$E$1000,A6),0) -> 4.0833333 | E6: =C6+ROW()/1000000 -> 24.000006 | F6: =D6+ROW()/1000000 -> 4.0833393 | H6: =INDEX($B$4:$B$8,MATCH(LARGE($E$4:$E$8,3),$E$4:$E$8,0)) -> Software | I6: =INDEX($C$4:$C$8,MATCH(LARGE($E$4:$E$8,3),$E$4:$E$8,0)) -> 24 | K6: =INDEX($B$4:$B$8,MATCH(LARGE($F$4:$F$8,3),$F$4:$F$8,0)) -> Software | L6: =INDEX($D$4:$D$8,MATCH(LARGE($F$4:$F$8,3),$F$4:$F$8,0)) -> 4.0833333
A7: =Categories!A5 -> 4 | B7: =Categories!B5 -> Account | C7: =COUNTIF(Tickets!$E$2:$E$1000,A7) -> 19 | D7: =IFERROR(AVERAGEIFS(Tickets!$K$2:$K$1000,Tickets!$E$2:$E$1000,A7),0) -> 1.7894737 | E7: =C7+ROW()/1000000 -> 19.000007 | F7: =D7+ROW()/1000000 -> 1.7894807 | H7: =INDEX($B$4:$B$8,MATCH(LARGE($E$4:$E$8,4),$E$4:$E$8,0)) -> Account | I7: =INDEX($C$4:$C$8,MATCH(LARGE($E$4:$E$8,4),$E$4:$E$8,0)) -> 19 | K7: =INDEX($B$4:$B$8,MATCH(LARGE($F$4:$F$8,4),$F$4:$F$8,0)) -> Printer | L7: =INDEX($D$4:$D$8,MATCH(LARGE($F$4:$F$8,4),$F$4:$F$8,0)) -> 3.4166667
A8: =Categories!A6 -> 5 | B8: =Categories!B6 -> Printer | C8: =COUNTIF(Tickets!$E$2:$E$1000,A8) -> 12 | D8: =IFERROR(AVERAGEIFS(Tickets!$K$2:$K$1000,Tickets!$E$2:$E$1000,A8),0) -> 3.4166667 | E8: =C8+ROW()/1000000 -> 12.000008 | F8: =D8+ROW()/1000000 -> 3.4166747 | H8: =INDEX($B$4:$B$8,MATCH(LARGE($E$4:$E$8,5),$E$4:$E$8,0)) -> Printer | I8: =INDEX($C$4:$C$8,MATCH(LARGE($E$4:$E$8,5),$E$4:$E$8,0)) -> 12 | K8: =INDEX($B$4:$B$8,MATCH(LARGE($F$4:$F$8,5),$F$4:$F$8,0)) -> Account | L8: =INDEX($D$4:$D$8,MATCH(LARGE($F$4:$F$8,5),$F$4:$F$8,0)) -> 1.7894737
A10: Tickets by weekday
A11: Weekday | B11: Day no. | C11: Tickets | H11: Key number | I11: Value
A12: Mon | B12: 1 | C12: =COUNTIF(Tickets!$L$2:$L$1000,A12) -> 29 | H12: Total tickets | I12: =COUNT(Tickets!$A$2:$A$1000) -> 120
A13: Tue | B13: 2 | C13: =COUNTIF(Tickets!$L$2:$L$1000,A13) -> 24 | H13: Top category | I13: =H4 -> Network
A14: Wed | B14: 3 | C14: =COUNTIF(Tickets!$L$2:$L$1000,A14) -> 21 | H14: Top category share | I14: =IFERROR(I4/I12,0) -> 0.31666667
A15: Thu | B15: 4 | C15: =COUNTIF(Tickets!$L$2:$L$1000,A15) -> 19 | H15: Average resolution (hours) | I15: =IFERROR(AVERAGE(Tickets!$K$2:$K$1000),0) -> 5.025
A16: Fri | B16: 5 | C16: =COUNTIF(Tickets!$L$2:$L$1000,A16) -> 17 | H16: Busiest weekday | I16: =INDEX($A$12:$A$18,MATCH(MAX($C$12:$C$18),$C$12:$C$18,0)) -> Mon
A17: Sat | B17: 6 | C17: =COUNTIF(Tickets!$L$2:$L$1000,A17) -> 6 | H17: Busiest weekday tickets | I17: =MAX($C$12:$C$18) -> 29
A18: Sun | B18: 7 | C18: =COUNTIF(Tickets!$L$2:$L$1000,A18) -> 4
A20: Technician workload
A21: Technician | B21: Tickets
A22: =Technicians!B2 -> Technician A | B22: =COUNTIF(Tickets!$I$2:$I$1000,Technicians!A2) -> 30
A23: =Technicians!B3 -> Technician B | B23: =COUNTIF(Tickets!$I$2:$I$1000,Technicians!A3) -> 49
A24: =Technicians!B4 -> Technician C | B24: =COUNTIF(Tickets!$I$2:$I$1000,Technicians!A4) -> 41

Sheet Tickets
A1: ticket_id | B1: title | C1: created_at | D1: closed_at | E1: category_id | F1: priority | G1: status | H1: department | I1: technician_id | J1: category | K1: resolution_hours | L1: weekday
A2: 1 | B2: Account locked | C2: 46237.544 | D2: 46237.669 | E2: 4 | F2: Low | G2: Closed | H2: Warehouse | I2: 1 | J2: =IFERROR(INDEX(Categories!$B$2:$B$100,MATCH(E2,Categories!$A$2:$A$100,0)),"") -> Account | K2: =IF(OR(C2="",D2=""),"",ROUND((D2-C2)*24,0)) -> 3 | L2: =IF(C2="","",CHOOSE(WEEKDAY(C2,2),"Mon","Tue","Wed","Thu","Fri","Sat","Sun")) -> Mon
A3: 2 | B3: Cannot reach shared folder | C3: 46237.666 | D3: 46237.999 | E3: 1 | F3: Low | G3: Closed | H3: Sales | I3: 3 | J3: =IFERROR(INDEX(Categories!$B$2:$B$100,MATCH(E3,Categories!$A$2:$A$100,0)),"") -> Network | K3: =IF(OR(C3="",D3=""),"",ROUND((D3-C3)*24,0)) -> 8 | L3: =IF(C3="","",CHOOSE(WEEKDAY(C3,2),"Mon","Tue","Wed","Thu","Fri","Sat","Sun")) -> Mon
A4: 3 | B4: Windows update failed | C4: 46237.687 | D4: 46237.728 | E4: 3 | F4: Medium | G4: Closed | H4: Sales | I4: 3 | J4: =IFERROR(INDEX(Categories!$B$2:$B$100,MATCH(E4,Categories!$A$2:$A$100,0)),"") -> Software | K4: =IF(OR(C4="",D4=""),"",ROUND((D4-C4)*24,0)) -> 1 | L4: =IF(C4="","",CHOOSE(WEEKDAY(C4,2),"Mon","Tue","Wed","Thu","Fri","Sat","Sun")) -> Mon
A5: 4 | B5: Monitor shows no display | C5: 46238.345 | D5: 46238.387 | E5: 2 | F5: Medium | G5: Closed | H5: Sales | I5: 2 | J5: =IFERROR(INDEX(Categories!$B$2:$B$100,MATCH(E5,Categories!$A$2:$A$100,0)),"") -> Hardware | K5: =IF(OR(C5="",D5=""),"",ROUND((D5-C5)*24,0)) -> 1 | L5: =IF(C5="","",CHOOSE(WEEKDAY(C5,2),"Mon","Tue","Wed","Thu","Fri","Sat","Sun")) -> Tue
A6: 5 | B6: Connected but no internet | C6: 46238.431 | D6: 46238.597 | E6: 1 | F6: Medium | G6: Closed | H6: Operations | I6: 1 | J6: =IFERROR(INDEX(Categories!$B$2:$B$100,MATCH(E6,Categories!$A$2:$A$100,0)),"") -> Network | K6: =IF(OR(C6="",D6=""),"",ROUND((D6-C6)*24,0)) -> 4 | L6: =IF(C6="","",CHOOSE(WEEKDAY(C6,2),"Mon","Tue","Wed","Thu","Fri","Sat","Sun")) -> Tue
A7: 6 | B7: Monitor shows no display | C7: 46238.467 | D7: 46238.967 | E7: 2 | F7: Low | G7: Closed | H7: Warehouse | I7: 2 | J7: =IFERROR(INDEX(Categories!$B$2:$B$100,MATCH(E7,Categories!$A$2:$A$100,0)),"") -> Hardware | K7: =IF(OR(C7="",D7=""),"",ROUND((D7-C7)*24,0)) -> 12 | L7: =IF(C7="","",CHOOSE(WEEKDAY(C7,2),"Mon","Tue","Wed","Thu","Fri","Sat","Sun")) -> Tue
A8: 7 | B8: Need access to shared drive | C8: 46239.465 | D8: 46239.549 | E8: 4 | F8: High | G8: Closed | H8: Warehouse | I8: 2 | J8: =IFERROR(INDEX(Categories!$B$2:$B$100,MATCH(E8,Categories!$A$2:$A$100,0)),"") -> Account | K8: =IF(OR(C8="",D8=""),"",ROUND((D8-C8)*24,0)) -> 2 | L8: =IF(C8="","",CHOOSE(WEEKDAY(C8,2),"Mon","Tue","Wed","Thu","Fri","Sat","Sun")) -> Wed
A9: 8 | B9: Windows update failed | C9: 46240.338 | D9: 46240.546 | E9: 3 | F9: Low | G9: Closed | H9: Finance | I9: 1 | J9: =IFERROR(INDEX(Categories!$B$2:$B$100,MATCH(E9,Categories!$A$2:$A$100,0)),"") -> Software | K9: =IF(OR(C9="",D9=""),"",ROUND((D9-C9)*24,0)) -> 5 | L9: =IF(C9="","",CHOOSE(WEEKDAY(C9,2),"Mon","Tue","Wed","Thu","Fri","Sat","Sun")) -> Thu
A10: 9 | B10: New user account request | C10: 46243.445 | D10: 46243.528 | E10: 4 | F10: Medium | G10: Closed | H10: Operations | I10: 2 | J10: =IFERROR(INDEX(Categories!$B$2:$B$100,MATCH(E10,Categories!$A$2:$A$100,0)),"") -> Account | K10: =IF(OR(C10="",D10=""),"",ROUND((D10-C10)*24,0)) -> 2 | L10: =IF(C10="","",CHOOSE(WEEKDAY(C10,2),"Mon","Tue","Wed","Thu","Fri","Sat","Sun")) -> Sun
A11: 10 | B11: Email not receiving messages | C11: 46244.458 | D11: 46244.542 | E11: 4 | F11: High | G11: Closed | H11: Warehouse | I11: 2 | J11: =IFERROR(INDEX(Categories!$B$2:$B$100,MATCH(E11,Categories!$A$2:$A$100,0)),"") -> Account | K11: =IF(OR(C11="",D11=""),"",ROUND((D11-C11)*24,0)) -> 2 | L11: =IF(C11="","",CHOOSE(WEEKDAY(C11,2),"Mon","Tue","Wed","Thu","Fri","Sat","Sun")) -> Mon
A12: 11 | B12: Computer will not turn on | C12: 46244.594 | D12: 46244.886 | E12: 2 | F12: Medium | G12: Closed | H12: Finance | I12: 2 | J12: =IFERROR(INDEX(Categories!$B$2:$B$100,MATCH(E12,Categories!$A$2:$A$100,0)),"") -> Hardware | K12: =IF(OR(C12="",D12=""),"",ROUND((D12-C12)*24,0)) -> 7 | L12: =IF(C12="","",CHOOSE(WEEKDAY(C12,2),"Mon","Tue","Wed","Thu","Fri","Sat","Sun")) -> Mon
A13: 12 | B13: Cannot install software | C13: 46244.655 | D13: 46244.988 | E13: 3 | F13: Medium | G13: Closed | H13: Sales | I13: 1 | J13: =IFERROR(INDEX(Categories!$B$2:$B$100,MATCH(E13,Categories!$A$2:$A$100,0)),"") -> Software | K13: =IF(OR(C13="",D13=""),"",ROUND((D13-C13)*24,0)) -> 8 | L13: =IF(C13="","",CHOOSE(WEEKDAY(C13,2),"Mon","Tue","Wed","Thu","Fri","Sat","Sun")) -> Mon
... A121: 120 | B121: Need access to shared drive | C121: 46292.399 | D121: 46292.441 | E121: 4 | F121: Medium | G121: Closed | H121: HR | I121: 3 | J121: =IFERROR(INDEX(Categories!$B$2:$B$100,MATCH(E121,Categories!$A$2:$A$100,0)),"") -> Account | K121: =IF(OR(C121="",D121=""),"",ROUND((D121-C121)*24,0)) -> 1 | L121: =IF(C121="","",CHOOSE(WEEKDAY(C121,2),"Mon","Tue","Wed","Thu","Fri","Sat","Sun")) -> Sun

Sheet Categories
A1: id | B1: name
A2: 1 | B2: Network
A3: 2 | B3: Hardware
A4: 3 | B4: Software
A5: 4 | B5: Account
A6: 5 | B6: Printer

Sheet Technicians
A1: id | B1: name
A2: 1 | B2: Technician A
A3: 2 | B3: Technician B
A4: 3 | B4: Technician C

Sheet Notes
A1: Notes
A3: What this is
A4: A dashboard for the Ticket Analytics Dashboard project. It shows the same four key numbers and three charts as the project page on the portfolio website.
A6: Data
A7: SAMPLE DATA: 120 made-up tickets. The same tickets are in data/tickets.csv in the repository. Not real company data.
A8: Blue text = data you can change (Tickets columns A to I, and the Categories and Technicians sheets). Black text = formulas. Do not type over formulas.
A9: Example row (Tickets sheet, row 2) shows the expected format: a ticket number, a title, created and closed dates and times, a category id, and so on.
A11: How to use your own data
A12: 1. Remove names and any confidential details first, and get permission for real company data.
A13: 2. Paste your tickets into the Tickets sheet, columns A to I, starting at row 2. Keep the same column order.
A14: 3. If you have more than 120 rows, copy the formulas in columns J, K and L down to the last row. All summaries read up to row 1000.
A15: 4. Open the Summary sheet and the Dashboard. The numbers and charts update automatically.
... A21: The category and average-hour charts are sorted from highest to lowest automatically.
